email;obs
praxis@banhardt.de;whitelist
info@atos-muenchen.de;whitelist
info@bereitschaftspraxen.de;whitelist
info@praxis-dr-bruecker.de;whitelist
Praxis_Dr.Burkhardt@web.de;whitelist
p.buerkle-grasse@mnet-online.de;whitelist
drdietrich@mvz-neuhausen.com;whitelist
ernst-magarete@t-online.de;whitelist
info@praxis-trudering.com;whitelist
info@fliegerdoc-muenchen.de;whitelist
1885-5@onlinehome.de;whitelist
doctor.werner.folkerts@onlinemed.de;whitelist
gruppenpraxishbn@web.de;whitelist
info@privatpraxisbogenhausen.de;whitelist
gagini@yahoo.com;whitelist
dr.grasser@t-online.de;whitelist
praxis@drgruhn.de;whitelist
info@drhaberl.de;whitelist
info@akupunkturpraxis-beier.de;whitelist
harke@praxis-dr-harke.de;whitelist
muenchen1@alldent.de;whitelist
muenchen2@alldent.de;whitelist
drfischl@online.de;add
flugmedmuc@freenet.de;add
ame@kaul.biz;add
MVZ-MUC@gmx.de;add
fliegerarzt@online.de;add
fum@online.de;add
rfischl@online.de;add
info@alldent-zahnzentrum.de;whitelist
